pk,model,category,sku,name,description,price,rating,image_url,image_name
1,products.product,1,2016DEM0001AFG,Afghanistan,This file contains DEM data for Afghanistan,100.34, ,media/digital_elevation_model_for_Afghanistan.png,digital_elevation_model_for_Afghanistan.png
2,products.product,1,1990DEM0002ANG,Angola,This file contains DEM data for Angola,67.87, ,media/digital_elevation_model_for_Angola.png,digital_elevation_model_for_Angola.png
3,products.product,1,2022DEM0003AUS,Australia,This file contains DEM data for Australia,69.53, ,media/digital_elevation_model_for_Australia.png,digital_elevation_model_for_Australia.png
4,products.product,1,2017DEM0004AUS,Austria,This file contains DEM data for Austria,12.35, ,media/digital_elevation_model_for_Austria.png,digital_elevation_model_for_Austria.png
5,products.product,1,1979DEM0005BAN,Bangladesh,This file contains DEM data for Bangladesh,79.96, ,media/digital_elevation_model_for_Bangladesh.png,digital_elevation_model_for_Bangladesh.png
6,products.product,5,1971DEM0006BOT,Botswana,This file contains DEM data for Botswana,67.68, ,media/digital_elevation_model_for_Botswana.png,digital_elevation_model_for_Botswana.png
7,products.product,1,1991DEM0007BRA,Brazil,This file contains DEM data for Brazil,98.24, ,media/digital_elevation_model_for_Brazil.png,digital_elevation_model_for_Brazil.png
8,products.product,1,1990DEM0008BUL,Bulgaria,This file contains DEM data for Bulgaria,58.08, ,media/digital_elevation_model_for_Bulgaria.png,digital_elevation_model_for_Bulgaria.png
9,products.product,1,1977DEM0009CAB,Cabo Verde,This file contains DEM data for Cabo Verde,98.91, ,media/digital_elevation_model_for_Cabo Verde.png,digital_elevation_model_for_Cabo Verde.png
10,products.product,1,1991DEM0010CAM,Cameroon,This file contains DEM data for Cameroon,75.00, ,media/digital_elevation_model_for_Cameroon.png,digital_elevation_model_for_Cameroon.png
11,products.product,1,2013DEM0011CAN,Canada,This file contains DEM data for Canada,78.97, ,media/digital_elevation_model_for_Canada.png,digital_elevation_model_for_Canada.png
12,products.product,1,1992DEM0012CHI,China,This file contains DEM data for China,94.20, ,media/digital_elevation_model_for_China.png,digital_elevation_model_for_China.png
13,products.product,1,1977DEM0013CRO,Croatia,This file contains DEM data for Croatia,67.25, ,media/digital_elevation_model_for_Croatia.png,digital_elevation_model_for_Croatia.png
14,products.product,1,1978DEM0014CUB,Cuba,This file contains DEM data for Cuba,48.99, ,media/digital_elevation_model_for_Cuba.png,digital_elevation_model_for_Cuba.png
15,products.product,1,2003DEM0015DEN,Denmark,This file contains DEM data for Denmark,14.64, ,media/digital_elevation_model_for_Denmark.png,digital_elevation_model_for_Denmark.png
16,products.product,1,1975DEM0016EST,Estonia,This file contains DEM data for Estonia,39.25, ,media/digital_elevation_model_for_Estonia.png,digital_elevation_model_for_Estonia.png
17,products.product,1,2012DEM0017GAB,Gabon,This file contains DEM data for Gabon,19.89, ,media/digital_elevation_model_for_Gabon.png,digital_elevation_model_for_Gabon.png
18,products.product,1,2009DEM0018GHA,Ghana,This file contains DEM data for Ghana,17.25, ,media/digital_elevation_model_for_Ghana.png,digital_elevation_model_for_Ghana.png
19,products.product,1,1981DEM0019GUI,Guinea-Bissau,This file contains DEM data for Guinea-Bissau,97.92, ,media/digital_elevation_model_for_Guinea-Bissau.png,digital_elevation_model_for_Guinea-Bissau.png
20,products.product,1,1984DEM0020GUI,Guinea,This file contains DEM data for Guinea,85.11, ,media/digital_elevation_model_for_Guinea.png,digital_elevation_model_for_Guinea.png
21,products.product,1,2015DEM0021HAI,Haiti,This file contains DEM data for Haiti,69.70, ,media/digital_elevation_model_for_Haiti.png,digital_elevation_model_for_Haiti.png
22,products.product,1,1982DEM0022IND,India,This file contains DEM data for India,67.82, ,media/digital_elevation_model_for_India.png,digital_elevation_model_for_India.png
23,products.product,1,1993DEM0023IRA,Iraq,This file contains DEM data for Iraq,47.55, ,media/digital_elevation_model_for_Iraq.png,digital_elevation_model_for_Iraq.png
24,products.product,5,2012DEM0024KAZ,Kazakhstan,This file contains DEM data for Kazakhstan,105.94, ,media/digital_elevation_model_for_Kazakhstan.png,digital_elevation_model_for_Kazakhstan.png
25,products.product,1,1996DEM0025LAO,Laos,This file contains DEM data for Laos,101.74, ,media/digital_elevation_model_for_Laos.png,digital_elevation_model_for_Laos.png
26,products.product,1,1999DEM0026LAT,Latvia,This file contains DEM data for Latvia,23.27, ,media/digital_elevation_model_for_Latvia.png,digital_elevation_model_for_Latvia.png
27,products.product,1,2000DEM0027LES,Lesotho,This file contains DEM data for Lesotho,50.82, ,media/digital_elevation_model_for_Lesotho.png,digital_elevation_model_for_Lesotho.png
28,products.product,5,1997DEM0028MAL,Mali,This file contains DEM data for Mali,10.87, ,media/digital_elevation_model_for_Mali.png,digital_elevation_model_for_Mali.png
29,products.product,1,2007DEM0029MAU,Mauritania,This file contains DEM data for Mauritania,80.26, ,media/digital_elevation_model_for_Mauritania.png,digital_elevation_model_for_Mauritania.png
30,products.product,1,2011DEM0030MEX,Mexico,This file contains DEM data for Mexico,109.03, ,media/digital_elevation_model_for_Mexico.png,digital_elevation_model_for_Mexico.png
31,products.product,1,1991DEM0031MOL,Moldova,This file contains DEM data for Moldova,19.60, ,media/digital_elevation_model_for_Moldova.png,digital_elevation_model_for_Moldova.png
32,products.product,1,1999DEM0032MON,Montenegro,This file contains DEM data for Montenegro,31.52, ,media/digital_elevation_model_for_Montenegro.png,digital_elevation_model_for_Montenegro.png
33,products.product,1,1985DEM0033NIG,Niger,This file contains DEM data for Niger,30.84, ,media/digital_elevation_model_for_Niger.png,digital_elevation_model_for_Niger.png
34,products.product,5,1977DEM0034NOR,North Korea,This file contains DEM data for North Korea,72.38, ,media/digital_elevation_model_for_North Korea.png,digital_elevation_model_for_North Korea.png
35,products.product,1,1983DEM0035OMA,Oman,This file contains DEM data for Oman,63.74, ,media/digital_elevation_model_for_Oman.png,digital_elevation_model_for_Oman.png
36,products.product,1,2012DEM0036PAN,Panama,This file contains DEM data for Panama,98.90, ,media/digital_elevation_model_for_Panama.png,digital_elevation_model_for_Panama.png
37,products.product,1,2003DEM0037PAP,Papua New Guinea,This file contains DEM data for Papua New Guinea,107.05, ,media/digital_elevation_model_for_Papua New Guinea.png,digital_elevation_model_for_Papua New Guinea.png
38,products.product,1,2019DEM0038POL,Poland,This file contains DEM data for Poland,69.66, ,media/digital_elevation_model_for_Poland.png,digital_elevation_model_for_Poland.png
39,products.product,1,2016DEM0039SLO,Slovenia,This file contains DEM data for Slovenia,82.22, ,media/digital_elevation_model_for_Slovenia.png,digital_elevation_model_for_Slovenia.png
40,products.product,1,1988DEM0040SOM,Somalia,This file contains DEM data for Somalia,37.66, ,media/digital_elevation_model_for_Somalia.png,digital_elevation_model_for_Somalia.png
41,products.product,1,1999DEM0041SOU,South Africa,This file contains DEM data for South Africa,88.61, ,media/digital_elevation_model_for_South Africa.png,digital_elevation_model_for_South Africa.png
42,products.product,1,2007DEM0042SPA,Spain,This file contains DEM data for Spain,78.60, ,media/digital_elevation_model_for_Spain.png,digital_elevation_model_for_Spain.png
43,products.product,1,1980DEM0043SRI,Sri Lanka,This file contains DEM data for Sri Lanka,107.60, ,media/digital_elevation_model_for_Sri Lanka.png,digital_elevation_model_for_Sri Lanka.png
44,products.product,1,1983DEM0044SWI,Switzerland,This file contains DEM data for Switzerland,100.03, ,media/digital_elevation_model_for_Switzerland.png,digital_elevation_model_for_Switzerland.png
45,products.product,1,1988DEM0045TAI,Taiwan,This file contains DEM data for Taiwan,49.71, ,media/digital_elevation_model_for_Taiwan.png,digital_elevation_model_for_Taiwan.png
46,products.product,1,1992DEM0046THA,Thailand,This file contains DEM data for Thailand,70.72, ,media/digital_elevation_model_for_Thailand.png,digital_elevation_model_for_Thailand.png
47,products.product,1,1986DEM0047TRI,Trinidad and Tobago,This file contains DEM data for Trinidad and Tobago,100.85, ,media/digital_elevation_model_for_Trinidad and Tobago.png,digital_elevation_model_for_Trinidad and Tobago.png
48,products.product,1,2017DEM0048TUN,Tunisia,This file contains DEM data for Tunisia,101.25, ,media/digital_elevation_model_for_Tunisia.png,digital_elevation_model_for_Tunisia.png
49,products.product,1,1971DEM0049UNI,United Arab Emirates,This file contains DEM data for United Arab Emirates,99.90, ,media/digital_elevation_model_for_United Arab Emirates.png,digital_elevation_model_for_United Arab Emirates.png
50,products.product,1,1980DEM0050VAN,Vanuatu,This file contains DEM data for Vanuatu,59.73, ,media/digital_elevation_model_for_Vanuatu.png,digital_elevation_model_for_Vanuatu.png
51,products.product,1,1990DEM0051VIE,Vietnam,This file contains DEM data for Vietnam,65.56, ,media/digital_elevation_model_for_Vietnam.png,digital_elevation_model_for_Vietnam.png
52,products.product,5,1991GRA0052AFG,Afghanistan,This file contains gravimetry data for Afghanistan,16.80, ,media/gravimetry_for_Afghanistan.png,gravimetry_for_Afghanistan.png
53,products.product,2,2001GRA0053ALB,Albania,This file contains gravimetry data for Albania,42.91, ,media/gravimetry_for_Albania.png,gravimetry_for_Albania.png
54,products.product,2,1972GRA0054ALG,Algeria,This file contains gravimetry data for Algeria,89.51, ,media/gravimetry_for_Algeria.png,gravimetry_for_Algeria.png
55,products.product,2,2014GRA0055ANG,Angola,This file contains gravimetry data for Angola,101.25, ,media/gravimetry_for_Angola.png,gravimetry_for_Angola.png
56,products.product,2,2012GRA0056ARM,Armenia,This file contains gravimetry data for Armenia,56.05, ,media/gravimetry_for_Armenia.png,gravimetry_for_Armenia.png
57,products.product,2,1993GRA0057AUS,Austria,This file contains gravimetry data for Austria,30.35, ,media/gravimetry_for_Austria.png,gravimetry_for_Austria.png
58,products.product,2,2001GRA0058BAN,Bangladesh,This file contains gravimetry data for Bangladesh,70.72, ,media/gravimetry_for_Bangladesh.png,gravimetry_for_Bangladesh.png
59,products.product,2,1989GRA0059BEL,Belize,This file contains gravimetry data for Belize,80.13, ,media/gravimetry_for_Belize.png,gravimetry_for_Belize.png
60,products.product,2,1984GRA0060BEN,Benin,This file contains gravimetry data for Benin,55.42, ,media/gravimetry_for_Benin.png,gravimetry_for_Benin.png
61,products.product,2,2011GRA0061BHU,Bhutan,This file contains gravimetry data for Bhutan,36.02, ,media/gravimetry_for_Bhutan.png,gravimetry_for_Bhutan.png
62,products.product,2,1981GRA0062BOT,Botswana,This file contains gravimetry data for Botswana,58.14, ,media/gravimetry_for_Botswana.png,gravimetry_for_Botswana.png
63,products.product,2,2021GRA0063BUL,Bulgaria,This file contains gravimetry data for Bulgaria,50.77, ,media/gravimetry_for_Bulgaria.png,gravimetry_for_Bulgaria.png
64,products.product,2,1984GRA0064BUR,Burundi,This file contains gravimetry data for Burundi,30.63, ,media/gravimetry_for_Burundi.png,gravimetry_for_Burundi.png
65,products.product,2,1997GRA0065CAB,Cabo Verde,This file contains gravimetry data for Cabo Verde,86.56, ,media/gravimetry_for_Cabo Verde.png,gravimetry_for_Cabo Verde.png
66,products.product,2,2022GRA0066CAM,Cameroon,This file contains gravimetry data for Cameroon,59.58, ,media/gravimetry_for_Cameroon.png,gravimetry_for_Cameroon.png
67,products.product,2,2004GRA0067CAN,Canada,This file contains gravimetry data for Canada,101.68, ,media/gravimetry_for_Canada.png,gravimetry_for_Canada.png
68,products.product,2,1982GRA0068CHA,Chad,This file contains gravimetry data for Chad,28.57, ,media/gravimetry_for_Chad.png,gravimetry_for_Chad.png
69,products.product,2,1970GRA0069CHI,China,This file contains gravimetry data for China,89.94, ,media/gravimetry_for_China.png,gravimetry_for_China.png
70,products.product,2,2007GRA0070COL,Colombia,This file contains gravimetry data for Colombia,52.98, ,media/gravimetry_for_Colombia.png,gravimetry_for_Colombia.png
71,products.product,2,1987GRA0071COS,Costa Rica,This file contains gravimetry data for Costa Rica,51.24, ,media/gravimetry_for_Costa Rica.png,gravimetry_for_Costa Rica.png
72,products.product,2,2008GRA0072CRO,Croatia,This file contains gravimetry data for Croatia,74.07, ,media/gravimetry_for_Croatia.png,gravimetry_for_Croatia.png
73,products.product,2,1990GRA0073CUB,Cuba,This file contains gravimetry data for Cuba,78.68, ,media/gravimetry_for_Cuba.png,gravimetry_for_Cuba.png
74,products.product,2,1993GRA0074CYP,Cyprus,This file contains gravimetry data for Cyprus,95.97, ,media/gravimetry_for_Cyprus.png,gravimetry_for_Cyprus.png
75,products.product,2,1974GRA0075DEN,Denmark,This file contains gravimetry data for Denmark,34.42, ,media/gravimetry_for_Denmark.png,gravimetry_for_Denmark.png
76,products.product,2,1983GRA0076EGY,Egypt,This file contains gravimetry data for Egypt,88.91, ,media/gravimetry_for_Egypt.png,gravimetry_for_Egypt.png
77,products.product,2,2018GRA0077ERI,Eritrea,This file contains gravimetry data for Eritrea,68.76, ,media/gravimetry_for_Eritrea.png,gravimetry_for_Eritrea.png
78,products.product,2,2021GRA0078GEO,Georgia,This file contains gravimetry data for Georgia,98.05, ,media/gravimetry_for_Georgia.png,gravimetry_for_Georgia.png
79,products.product,2,1974GRA0079GHA,Ghana,This file contains gravimetry data for Ghana,17.66, ,media/gravimetry_for_Ghana.png,gravimetry_for_Ghana.png
80,products.product,2,1982GRA0080GUI,Guinea,This file contains gravimetry data for Guinea,45.15, ,media/gravimetry_for_Guinea.png,gravimetry_for_Guinea.png
81,products.product,2,2016GRA0081HAI,Haiti,This file contains gravimetry data for Haiti,75.00, ,media/gravimetry_for_Haiti.png,gravimetry_for_Haiti.png
82,products.product,5,2019GRA0082HON,Honduras,This file contains gravimetry data for Honduras,84.17, ,media/gravimetry_for_Honduras.png,gravimetry_for_Honduras.png
83,products.product,2,2000GRA0083ICE,Iceland,This file contains gravimetry data for Iceland,102.72, ,media/gravimetry_for_Iceland.png,gravimetry_for_Iceland.png
84,products.product,2,1977GRA0084IND,India,This file contains gravimetry data for India,77.32, ,media/gravimetry_for_India.png,gravimetry_for_India.png
85,products.product,2,2003GRA0085IRA,Iran,This file contains gravimetry data for Iran,68.14, ,media/gravimetry_for_Iran.png,gravimetry_for_Iran.png
86,products.product,2,1973GRA0086IRE,Ireland,This file contains gravimetry data for Ireland,69.43, ,media/gravimetry_for_Ireland.png,gravimetry_for_Ireland.png
87,products.product,2,2000GRA0087JAP,Japan,This file contains gravimetry data for Japan,53.55, ,media/gravimetry_for_Japan.png,gravimetry_for_Japan.png
88,products.product,2,1989GRA0088JOR,Jordan,This file contains gravimetry data for Jordan,39.06, ,media/gravimetry_for_Jordan.png,gravimetry_for_Jordan.png
89,products.product,2,1970GRA0089KAZ,Kazakhstan,This file contains gravimetry data for Kazakhstan,11.14, ,media/gravimetry_for_Kazakhstan.png,gravimetry_for_Kazakhstan.png
90,products.product,2,2018GRA0090LAO,Laos,This file contains gravimetry data for Laos,97.40, ,media/gravimetry_for_Laos.png,gravimetry_for_Laos.png
91,products.product,2,2011GRA0091LIT,Lithuania,This file contains gravimetry data for Lithuania,88.03, ,media/gravimetry_for_Lithuania.png,gravimetry_for_Lithuania.png
92,products.product,2,1996GRA0092MAL,Malawi,This file contains gravimetry data for Malawi,57.83, ,media/gravimetry_for_Malawi.png,gravimetry_for_Malawi.png
93,products.product,2,2006GRA0093MAL,Mali,This file contains gravimetry data for Mali,101.30, ,media/gravimetry_for_Mali.png,gravimetry_for_Mali.png
94,products.product,2,2002GRA0094MON,Mongolia,This file contains gravimetry data for Mongolia,19.26, ,media/gravimetry_for_Mongolia.png,gravimetry_for_Mongolia.png
95,products.product,2,1982GRA0095MOZ,Mozambique,This file contains gravimetry data for Mozambique,39.15, ,media/gravimetry_for_Mozambique.png,gravimetry_for_Mozambique.png
96,products.product,2,1974GRA0096NAM,Namibia,This file contains gravimetry data for Namibia,74.39, ,media/gravimetry_for_Namibia.png,gravimetry_for_Namibia.png
97,products.product,2,2001GRA0097NIG,Niger,This file contains gravimetry data for Niger,102.86, ,media/gravimetry_for_Niger.png,gravimetry_for_Niger.png
98,products.product,2,1972GRA0098NOR,Norway,This file contains gravimetry data for Norway,102.41, ,media/gravimetry_for_Norway.png,gravimetry_for_Norway.png
99,products.product,2,1994GRA0099PAK,Pakistan,This file contains gravimetry data for Pakistan,35.08, ,media/gravimetry_for_Pakistan.png,gravimetry_for_Pakistan.png
100,products.product,2,1972GRA0100PAP,Papua New Guinea,This file contains gravimetry data for Papua New Guinea,107.31, ,media/gravimetry_for_Papua New Guinea.png,gravimetry_for_Papua New Guinea.png
101,products.product,2,1972GRA0101POL,Poland,This file contains gravimetry data for Poland,77.98, ,media/gravimetry_for_Poland.png,gravimetry_for_Poland.png
102,products.product,2,1981GRA0102RWA,Rwanda,This file contains gravimetry data for Rwanda,67.28, ,media/gravimetry_for_Rwanda.png,gravimetry_for_Rwanda.png
103,products.product,2,2005GRA0103SLO,Slovenia,This file contains gravimetry data for Slovenia,16.90, ,media/gravimetry_for_Slovenia.png,gravimetry_for_Slovenia.png
104,products.product,2,1991GRA0104SOU,South Korea,This file contains gravimetry data for South Korea,31.72, ,media/gravimetry_for_South Korea.png,gravimetry_for_South Korea.png
105,products.product,2,1982GRA0105SUR,Suriname,This file contains gravimetry data for Suriname,21.74, ,media/gravimetry_for_Suriname.png,gravimetry_for_Suriname.png
106,products.product,2,1984GRA0106SYR,Syria,This file contains gravimetry data for Syria,11.21, ,media/gravimetry_for_Syria.png,gravimetry_for_Syria.png
107,products.product,2,2012GRA0107THA,Thailand,This file contains gravimetry data for Thailand,53.94, ,media/gravimetry_for_Thailand.png,gravimetry_for_Thailand.png
108,products.product,2,1997GRA0108TUR,Turkmenistan,This file contains gravimetry data for Turkmenistan,52.04, ,media/gravimetry_for_Turkmenistan.png,gravimetry_for_Turkmenistan.png
109,products.product,2,1999GRA0109UKR,Ukraine,This file contains gravimetry data for Ukraine,36.75, ,media/gravimetry_for_Ukraine.png,gravimetry_for_Ukraine.png
110,products.product,2,1984GRA0110UZB,Uzbekistan,This file contains gravimetry data for Uzbekistan,54.87, ,media/gravimetry_for_Uzbekistan.png,gravimetry_for_Uzbekistan.png
111,products.product,2,2012GRA0111VAN,Vanuatu,This file contains gravimetry data for Vanuatu,64.45, ,media/gravimetry_for_Vanuatu.png,gravimetry_for_Vanuatu.png
112,products.product,4,1995MAG0112AFG,Afghanistan,This file contains magnetometry data for Afghanistan,69.46, ,media/magnetometry_for_Afghanistan.png,magnetometry_for_Afghanistan.png
113,products.product,4,1980MAG0113ARG,Argentina,This file contains magnetometry data for Argentina,57.95, ,media/magnetometry_for_Argentina.png,magnetometry_for_Argentina.png
114,products.product,4,1998MAG0114ARM,Armenia,This file contains magnetometry data for Armenia,105.66, ,media/magnetometry_for_Armenia.png,magnetometry_for_Armenia.png
115,products.product,4,1989MAG0115AUS,Austria,This file contains magnetometry data for Austria,79.75, ,media/magnetometry_for_Austria.png,magnetometry_for_Austria.png
116,products.product,4,1982MAG0116BAN,Bangladesh,This file contains magnetometry data for Bangladesh,37.38, ,media/magnetometry_for_Bangladesh.png,magnetometry_for_Bangladesh.png
117,products.product,4,2012MAG0117BEL,Belgium,This file contains magnetometry data for Belgium,73.61, ,media/magnetometry_for_Belgium.png,magnetometry_for_Belgium.png
118,products.product,4,2015MAG0118BEN,Benin,This file contains magnetometry data for Benin,14.36, ,media/magnetometry_for_Benin.png,magnetometry_for_Benin.png
119,products.product,4,1985MAG0119BRA,Brazil,This file contains magnetometry data for Brazil,50.08, ,media/magnetometry_for_Brazil.png,magnetometry_for_Brazil.png
120,products.product,4,1986MAG0120BUL,Bulgaria,This file contains magnetometry data for Bulgaria,48.51, ,media/magnetometry_for_Bulgaria.png,magnetometry_for_Bulgaria.png
121,products.product,4,1995MAG0121CAN,Canada,This file contains magnetometry data for Canada,80.98, ,media/magnetometry_for_Canada.png,magnetometry_for_Canada.png
122,products.product,4,2000MAG0122COS,Costa Rica,This file contains magnetometry data for Costa Rica,48.92, ,media/magnetometry_for_Costa Rica.png,magnetometry_for_Costa Rica.png
123,products.product,4,2001MAG0123CZE,Czechia,This file contains magnetometry data for Czechia,72.24, ,media/magnetometry_for_Czechia.png,magnetometry_for_Czechia.png
124,products.product,4,1971MAG0124DEN,Denmark,This file contains magnetometry data for Denmark,20.35, ,media/magnetometry_for_Denmark.png,magnetometry_for_Denmark.png
125,products.product,4,2001MAG0125ECU,Ecuador,This file contains magnetometry data for Ecuador,69.42, ,media/magnetometry_for_Ecuador.png,magnetometry_for_Ecuador.png
126,products.product,4,2021MAG0126EL ,El Salvador,This file contains magnetometry data for El Salvador,92.56, ,media/magnetometry_for_El Salvador.png,magnetometry_for_El Salvador.png
127,products.product,4,2019MAG0127ETH,Ethiopia,This file contains magnetometry data for Ethiopia,77.54, ,media/magnetometry_for_Ethiopia.png,magnetometry_for_Ethiopia.png
128,products.product,4,1974MAG0128GRE,Greece,This file contains magnetometry data for Greece,60.43, ,media/magnetometry_for_Greece.png,magnetometry_for_Greece.png
129,products.product,5,1983MAG0129GUA,Guatemala,This file contains magnetometry data for Guatemala,22.37, ,media/magnetometry_for_Guatemala.png,magnetometry_for_Guatemala.png
130,products.product,4,1994MAG0130GUY,Guyana,This file contains magnetometry data for Guyana,35.53, ,media/magnetometry_for_Guyana.png,magnetometry_for_Guyana.png
131,products.product,4,2016MAG0131HON,Honduras,This file contains magnetometry data for Honduras,91.14, ,media/magnetometry_for_Honduras.png,magnetometry_for_Honduras.png
132,products.product,4,1992MAG0132IND,India,This file contains magnetometry data for India,30.01, ,media/magnetometry_for_India.png,magnetometry_for_India.png
133,products.product,4,1996MAG0133IRA,Iran,This file contains magnetometry data for Iran,51.16, ,media/magnetometry_for_Iran.png,magnetometry_for_Iran.png
134,products.product,4,1980MAG0134ITA,Italy,This file contains magnetometry data for Italy,60.12, ,media/magnetometry_for_Italy.png,magnetometry_for_Italy.png
135,products.product,5,2009MAG0135JAP,Japan,This file contains magnetometry data for Japan,55.79, ,media/magnetometry_for_Japan.png,magnetometry_for_Japan.png
136,products.product,4,1991MAG0136KAZ,Kazakhstan,This file contains magnetometry data for Kazakhstan,35.65, ,media/magnetometry_for_Kazakhstan.png,magnetometry_for_Kazakhstan.png
137,products.product,4,1993MAG0137KYR,Kyrgyzstan,This file contains magnetometry data for Kyrgyzstan,10.41, ,media/magnetometry_for_Kyrgyzstan.png,magnetometry_for_Kyrgyzstan.png
138,products.product,4,1970MAG0138LES,Lesotho,This file contains magnetometry data for Lesotho,51.46, ,media/magnetometry_for_Lesotho.png,magnetometry_for_Lesotho.png
139,products.product,4,2005MAG0139LIB,Liberia,This file contains magnetometry data for Liberia,22.63, ,media/magnetometry_for_Liberia.png,magnetometry_for_Liberia.png
140,products.product,4,1982MAG0140LUX,Luxembourg,This file contains magnetometry data for Luxembourg,71.88, ,media/magnetometry_for_Luxembourg.png,magnetometry_for_Luxembourg.png
141,products.product,4,1979MAG0141MAD,Madagascar,This file contains magnetometry data for Madagascar,34.22, ,media/magnetometry_for_Madagascar.png,magnetometry_for_Madagascar.png
142,products.product,4,1998MAG0142MAL,Mali,This file contains magnetometry data for Mali,64.53, ,media/magnetometry_for_Mali.png,magnetometry_for_Mali.png
143,products.product,4,2000MAG0143MAL,Malta,This file contains magnetometry data for Malta,55.47, ,media/magnetometry_for_Malta.png,magnetometry_for_Malta.png
144,products.product,4,2014MAG0144MEX,Mexico,This file contains magnetometry data for Mexico,32.75, ,media/magnetometry_for_Mexico.png,magnetometry_for_Mexico.png
145,products.product,5,2003MAG0145MOZ,Mozambique,This file contains magnetometry data for Mozambique,19.93, ,media/magnetometry_for_Mozambique.png,magnetometry_for_Mozambique.png
146,products.product,4,1995MAG0146NAM,Namibia,This file contains magnetometry data for Namibia,63.43, ,media/magnetometry_for_Namibia.png,magnetometry_for_Namibia.png
147,products.product,4,1974MAG0147NOR,North Macedonia,This file contains magnetometry data for North Macedonia,47.36, ,media/magnetometry_for_North Macedonia.png,magnetometry_for_North Macedonia.png
148,products.product,4,2006MAG0148PAN,Panama,This file contains magnetometry data for Panama,97.37, ,media/magnetometry_for_Panama.png,magnetometry_for_Panama.png
149,products.product,4,2014MAG0149POL,Poland,This file contains magnetometry data for Poland,26.74, ,media/magnetometry_for_Poland.png,magnetometry_for_Poland.png
150,products.product,5,1988MAG0150QAT,Qatar,This file contains magnetometry data for Qatar,43.94, ,media/magnetometry_for_Qatar.png,magnetometry_for_Qatar.png
151,products.product,4,1996MAG0151RWA,Rwanda,This file contains magnetometry data for Rwanda,102.41, ,media/magnetometry_for_Rwanda.png,magnetometry_for_Rwanda.png
152,products.product,4,1988MAG0152SAU,Saudi Arabia,This file contains magnetometry data for Saudi Arabia,31.80, ,media/magnetometry_for_Saudi Arabia.png,magnetometry_for_Saudi Arabia.png
153,products.product,4,2008MAG0153SIE,Sierra Leone,This file contains magnetometry data for Sierra Leone,101.02, ,media/magnetometry_for_Sierra Leone.png,magnetometry_for_Sierra Leone.png
154,products.product,4,1983MAG0154SLO,Slovakia,This file contains magnetometry data for Slovakia,72.86, ,media/magnetometry_for_Slovakia.png,magnetometry_for_Slovakia.png
155,products.product,4,2008MAG0155SOU,South Korea,This file contains magnetometry data for South Korea,46.66, ,media/magnetometry_for_South Korea.png,magnetometry_for_South Korea.png
156,products.product,4,2008MAG0156SRI,Sri Lanka,This file contains magnetometry data for Sri Lanka,83.22, ,media/magnetometry_for_Sri Lanka.png,magnetometry_for_Sri Lanka.png
157,products.product,4,1994MAG0157SUR,Suriname,This file contains magnetometry data for Suriname,78.70, ,media/magnetometry_for_Suriname.png,magnetometry_for_Suriname.png
158,products.product,4,1979MAG0158TAI,Taiwan,This file contains magnetometry data for Taiwan,19.85, ,media/magnetometry_for_Taiwan.png,magnetometry_for_Taiwan.png
159,products.product,4,2011MAG0159TOG,Togo,This file contains magnetometry data for Togo,24.85, ,media/magnetometry_for_Togo.png,magnetometry_for_Togo.png
160,products.product,4,2007MAG0160TRI,Trinidad and Tobago,This file contains magnetometry data for Trinidad and Tobago,71.20, ,media/magnetometry_for_Trinidad and Tobago.png,magnetometry_for_Trinidad and Tobago.png
161,products.product,4,2012MAG0161TUR,Turkey,This file contains magnetometry data for Turkey,102.86, ,media/magnetometry_for_Turkey.png,magnetometry_for_Turkey.png
162,products.product,4,1970MAG0162UNI,United Kingdom,This file contains magnetometry data for United Kingdom,31.48, ,media/magnetometry_for_United Kingdom.png,magnetometry_for_United Kingdom.png
163,products.product,4,1997MAG0163VAN,Vanuatu,This file contains magnetometry data for Vanuatu,26.69, ,media/magnetometry_for_Vanuatu.png,magnetometry_for_Vanuatu.png
164,products.product,4,1992MAG0164VEN,Venezuela,This file contains magnetometry data for Venezuela,89.39, ,media/magnetometry_for_Venezuela.png,magnetometry_for_Venezuela.png
165,products.product,4,2018MAG0165VIE,Vietnam,This file contains magnetometry data for Vietnam,85.47, ,media/magnetometry_for_Vietnam.png,magnetometry_for_Vietnam.png
166,products.product,8,2011GEO0166AFG,Afghanistan,This file contains a geological map for Afghanistan,18.51, ,media/report_for_Afghanistan.png,report_for_Afghanistan.png
167,products.product,7,1977WEA0167ANG,Angola,This file contains a weather data for Angola,34.41, ,media/report_for_Angola.png,report_for_Angola.png
168,products.product,8,2020GEO0168ARG,Argentina,This file contains a geological map for Argentina,108.04, ,media/report_for_Argentina.png,report_for_Argentina.png
169,products.product,7,2000WEA0169AUS,Australia,This file contains a weather data for Australia,71.42, ,media/report_for_Australia.png,report_for_Australia.png
170,products.product,7,1976WEA0170AUS,Austria,This file contains a weather data for Austria,50.51, ,media/report_for_Austria.png,report_for_Austria.png
171,products.product,7,1985WEA0171AZE,Azerbaijan,This file contains a weather data for Azerbaijan,109.68, ,media/report_for_Azerbaijan.png,report_for_Azerbaijan.png
172,products.product,8,1973GEO0172BAR,Barbados,This file contains a geological map for Barbados,100.38, ,media/report_for_Barbados.png,report_for_Barbados.png
173,products.product,6,2002ENV0173BEL,Belize,This file contains a environmental impact assessment for Belize,33.61, ,media/report_for_Belize.png,report_for_Belize.png
174,products.product,6,1990ENV0174BHU,Bhutan,This file contains a environmental impact assessment for Bhutan,72.85, ,media/report_for_Bhutan.png,report_for_Bhutan.png
175,products.product,8,2010GEO0175BOT,Botswana,This file contains a geological map for Botswana,102.22, ,media/report_for_Botswana.png,report_for_Botswana.png
176,products.product,6,2017ENV0176BRA,Brazil,This file contains a environmental impact assessment for Brazil,42.93, ,media/report_for_Brazil.png,report_for_Brazil.png
177,products.product,7,1979WEA0177BUL,Bulgaria,This file contains a weather data for Bulgaria,98.37, ,media/report_for_Bulgaria.png,report_for_Bulgaria.png
178,products.product,6,1972ENV0178BUR,Burkina Faso,This file contains a environmental impact assessment for Burkina Faso,27.71, ,media/report_for_Burkina Faso.png,report_for_Burkina Faso.png
179,products.product,6,2003ENV0179CAM,Cambodia,This file contains a environmental impact assessment for Cambodia,17.01, ,media/report_for_Cambodia.png,report_for_Cambodia.png
180,products.product,6,2020ENV0180CAM,Cameroon,This file contains a environmental impact assessment for Cameroon,13.60, ,media/report_for_Cameroon.png,report_for_Cameroon.png
181,products.product,8,2002GEO0181CAN,Canada,This file contains a geological map for Canada,95.98, ,media/report_for_Canada.png,report_for_Canada.png
182,products.product,6,1989ENV0182CHA,Chad,This file contains a environmental impact assessment for Chad,31.04, ,media/report_for_Chad.png,report_for_Chad.png
183,products.product,8,1976GEO0183CHI,China,This file contains a geological map for China,35.97, ,media/report_for_China.png,report_for_China.png
184,products.product,6,1983ENV0184COS,Costa Rica,This file contains a environmental impact assessment for Costa Rica,77.73, ,media/report_for_Costa Rica.png,report_for_Costa Rica.png
185,products.product,6,1993ENV0185CUB,Cuba,This file contains a environmental impact assessment for Cuba,42.72, ,media/report_for_Cuba.png,report_for_Cuba.png
186,products.product,6,1972ENV0186CYP,Cyprus,This file contains a environmental impact assessment for Cyprus,17.82, ,media/report_for_Cyprus.png,report_for_Cyprus.png
187,products.product,7,2011WEA0187DEN,Denmark,This file contains a weather data for Denmark,54.40, ,media/report_for_Denmark.png,report_for_Denmark.png
188,products.product,8,1991GEO0188DJI,Djibouti,This file contains a geological map for Djibouti,30.78, ,media/report_for_Djibouti.png,report_for_Djibouti.png
189,products.product,7,2011WEA0189ECU,Ecuador,This file contains a weather data for Ecuador,13.10, ,media/report_for_Ecuador.png,report_for_Ecuador.png
190,products.product,6,2013ENV0190EL ,El Salvador,This file contains a environmental impact assessment for El Salvador,84.68, ,media/report_for_El Salvador.png,report_for_El Salvador.png
191,products.product,8,1993GEO0191ERI,Eritrea,This file contains a geological map for Eritrea,53.23, ,media/report_for_Eritrea.png,report_for_Eritrea.png
192,products.product,8,2008GEO0192ETH,Ethiopia,This file contains a geological map for Ethiopia,67.62, ,media/report_for_Ethiopia.png,report_for_Ethiopia.png
193,products.product,8,1991GEO0193GAM,Gambia,This file contains a geological map for Gambia,94.30, ,media/report_for_Gambia.png,report_for_Gambia.png
194,products.product,5,1972GEO0194GER,Germany,This file contains a geological map for Germany,75.03, ,media/report_for_Germany.png,report_for_Germany.png
195,products.product,5,1989GEO0195GHA,Ghana,This file contains a geological map for Ghana,27.53, ,media/report_for_Ghana.png,report_for_Ghana.png
196,products.product,8,1984GEO0196GUA,Guatemala,This file contains a geological map for Guatemala,10.21, ,media/report_for_Guatemala.png,report_for_Guatemala.png
197,products.product,8,2014GEO0197GUI,Guinea-Bissau,This file contains a geological map for Guinea-Bissau,21.07, ,media/report_for_Guinea-Bissau.png,report_for_Guinea-Bissau.png
198,products.product,6,2020ENV0198GUY,Guyana,This file contains a environmental impact assessment for Guyana,71.83, ,media/report_for_Guyana.png,report_for_Guyana.png
199,products.product,8,2015GEO0199HAI,Haiti,This file contains a geological map for Haiti,43.27, ,media/report_for_Haiti.png,report_for_Haiti.png
200,products.product,7,1992WEA0200HON,Honduras,This file contains a weather data for Honduras,17.08, ,media/report_for_Honduras.png,report_for_Honduras.png
201,products.product,8,1998GEO0201HUN,Hungary,This file contains a geological map for Hungary,95.26, ,media/report_for_Hungary.png,report_for_Hungary.png
202,products.product,7,1997WEA0202IND,India,This file contains a weather data for India,77.70, ,media/report_for_India.png,report_for_India.png
203,products.product,5,2014GEO0203IND,Indonesia,This file contains a geological map for Indonesia,95.43, ,media/report_for_Indonesia.png,report_for_Indonesia.png
204,products.product,5,2001GEO0204IRA,Iran,This file contains a geological map for Iran,64.36, ,media/report_for_Iran.png,report_for_Iran.png
205,products.product,7,1995WEA0205IRE,Ireland,This file contains a weather data for Ireland,43.69, ,media/report_for_Ireland.png,report_for_Ireland.png
206,products.product,6,1977ENV0206ISR,Israel,This file contains a environmental impact assessment for Israel,96.04, ,media/report_for_Israel.png,report_for_Israel.png
207,products.product,8,1982GEO0207ITA,Italy,This file contains a geological map for Italy,33.99, ,media/report_for_Italy.png,report_for_Italy.png
208,products.product,6,1977ENV0208JAP,Japan,This file contains a environmental impact assessment for Japan,53.59, ,media/report_for_Japan.png,report_for_Japan.png
209,products.product,8,1990GEO0209JOR,Jordan,This file contains a geological map for Jordan,57.74, ,media/report_for_Jordan.png,report_for_Jordan.png
210,products.product,6,1973ENV0210KEN,Kenya,This file contains a environmental impact assessment for Kenya,95.57, ,media/report_for_Kenya.png,report_for_Kenya.png
211,products.product,8,2008GEO0211KOS,Kosovo,This file contains a geological map for Kosovo,65.64, ,media/report_for_Kosovo.png,report_for_Kosovo.png
212,products.product,8,1979GEO0212KYR,Kyrgyzstan,This file contains a geological map for Kyrgyzstan,55.10, ,media/report_for_Kyrgyzstan.png,report_for_Kyrgyzstan.png
213,products.product,6,2014ENV0213LAO,Laos,This file contains a environmental impact assessment for Laos,70.03, ,media/report_for_Laos.png,report_for_Laos.png
214,products.product,5,1987GEO0214LAT,Latvia,This file contains a geological map for Latvia,65.70, ,media/report_for_Latvia.png,report_for_Latvia.png
215,products.product,8,2010GEO0215LEB,Lebanon,This file contains a geological map for Lebanon,45.64, ,media/report_for_Lebanon.png,report_for_Lebanon.png
216,products.product,8,1970GEO0216LIB,Liberia,This file contains a geological map for Liberia,10.46, ,media/report_for_Liberia.png,report_for_Liberia.png
217,products.product,5,2004GEO0217LIT,Lithuania,This file contains a geological map for Lithuania,57.28, ,media/report_for_Lithuania.png,report_for_Lithuania.png
218,products.product,6,2008ENV0218MAD,Madagascar,This file contains a environmental impact assessment for Madagascar,14.70, ,media/report_for_Madagascar.png,report_for_Madagascar.png
219,products.product,5,1981GEO0219MAL,Malaysia,This file contains a geological map for Malaysia,72.59, ,media/report_for_Malaysia.png,report_for_Malaysia.png
220,products.product,7,1971WEA0220MAU,Mauritania,This file contains a weather data for Mauritania,42.50, ,media/report_for_Mauritania.png,report_for_Mauritania.png
221,products.product,7,1995WEA0221MOL,Moldova,This file contains a weather data for Moldova,70.35, ,media/report_for_Moldova.png,report_for_Moldova.png
222,products.product,6,2001ENV0222MON,Mongolia,This file contains a environmental impact assessment for Mongolia,49.39, ,media/report_for_Mongolia.png,report_for_Mongolia.png
223,products.product,7,2000WEA0223MON,Montenegro,This file contains a weather data for Montenegro,38.02, ,media/report_for_Montenegro.png,report_for_Montenegro.png
224,products.product,7,1986WEA0224MOR,Morocco,This file contains a weather data for Morocco,99.93, ,media/report_for_Morocco.png,report_for_Morocco.png
225,products.product,7,2000WEA0225NAM,Namibia,This file contains a weather data for Namibia,85.14, ,media/report_for_Namibia.png,report_for_Namibia.png
226,products.product,8,2000GEO0226NIG,Niger,This file contains a geological map for Niger,61.95, ,media/report_for_Niger.png,report_for_Niger.png
227,products.product,7,1972WEA0227NOR,North Macedonia,This file contains a weather data for North Macedonia,88.68, ,media/report_for_North Macedonia.png,report_for_North Macedonia.png
228,products.product,7,1971WEA0228OMA,Oman,This file contains a weather data for Oman,19.10, ,media/report_for_Oman.png,report_for_Oman.png
229,products.product,7,2022WEA0229PAK,Pakistan,This file contains a weather data for Pakistan,63.70, ,media/report_for_Pakistan.png,report_for_Pakistan.png
230,products.product,6,1992ENV0230PAP,Papua New Guinea,This file contains a environmental impact assessment for Papua New Guinea,105.72, ,media/report_for_Papua New Guinea.png,report_for_Papua New Guinea.png
231,products.product,7,1986WEA0231PER,Peru,This file contains a weather data for Peru,38.00, ,media/report_for_Peru.png,report_for_Peru.png
232,products.product,8,1975GEO0232SEN,Senegal,This file contains a geological map for Senegal,74.73, ,media/report_for_Senegal.png,report_for_Senegal.png
233,products.product,8,1994GEO0233SIE,Sierra Leone,This file contains a geological map for Sierra Leone,93.05, ,media/report_for_Sierra Leone.png,report_for_Sierra Leone.png
234,products.product,8,1980GEO0234SOM,Somalia,This file contains a geological map for Somalia,101.55, ,media/report_for_Somalia.png,report_for_Somalia.png
235,products.product,6,1985ENV0235SOM,Somaliland,This file contains a environmental impact assessment for Somaliland,104.56, ,media/report_for_Somaliland.png,report_for_Somaliland.png
236,products.product,7,2019WEA0236SUD,Sudan,This file contains a weather data for Sudan,97.51, ,media/report_for_Sudan.png,report_for_Sudan.png
237,products.product,7,1994WEA0237SUR,Suriname,This file contains a weather data for Suriname,109.33, ,media/report_for_Suriname.png,report_for_Suriname.png
238,products.product,8,1980GEO0238SWI,Switzerland,This file contains a geological map for Switzerland,94.15, ,media/report_for_Switzerland.png,report_for_Switzerland.png
239,products.product,6,2002ENV0239UGA,Uganda,This file contains a environmental impact assessment for Uganda,11.37, ,media/report_for_Uganda.png,report_for_Uganda.png
240,products.product,5,2009GEO0240UNI,United Kingdom,This file contains a geological map for United Kingdom,66.86, ,media/report_for_United Kingdom.png,report_for_United Kingdom.png
241,products.product,8,2005GEO0241URU,Uruguay,This file contains a geological map for Uruguay,58.33, ,media/report_for_Uruguay.png,report_for_Uruguay.png
242,products.product,5,2003GEO0242ZAM,Zambia,This file contains a geological map for Zambia,75.08, ,media/report_for_Zambia.png,report_for_Zambia.png
243,products.product,8,1994GEO0243ZIM,Zimbabwe,This file contains a geological map for Zimbabwe,44.26, ,media/report_for_Zimbabwe.png,report_for_Zimbabwe.png
244,products.product,3,1982RES0244ALG,Algeria,This file contains resistivity data for Algeria,74.63, ,media/resistivity_for_Algeria.png,resistivity_for_Algeria.png
245,products.product,3,1994RES0245ARG,Argentina,This file contains resistivity data for Argentina,102.95, ,media/resistivity_for_Argentina.png,resistivity_for_Argentina.png
246,products.product,3,1976RES0246AUS,Austria,This file contains resistivity data for Austria,58.26, ,media/resistivity_for_Austria.png,resistivity_for_Austria.png
247,products.product,3,1987RES0247AZE,Azerbaijan,This file contains resistivity data for Azerbaijan,86.50, ,media/resistivity_for_Azerbaijan.png,resistivity_for_Azerbaijan.png
248,products.product,3,1975RES0248BEL,Belize,This file contains resistivity data for Belize,72.57, ,media/resistivity_for_Belize.png,resistivity_for_Belize.png
249,products.product,3,2020RES0249BOT,Botswana,This file contains resistivity data for Botswana,98.94, ,media/resistivity_for_Botswana.png,resistivity_for_Botswana.png
250,products.product,3,1999RES0250CAB,Cabo Verde,This file contains resistivity data for Cabo Verde,27.14, ,media/resistivity_for_Cabo Verde.png,resistivity_for_Cabo Verde.png
251,products.product,3,2017RES0251CAM,Cambodia,This file contains resistivity data for Cambodia,63.03, ,media/resistivity_for_Cambodia.png,resistivity_for_Cambodia.png
252,products.product,3,2013RES0252CHI,China,This file contains resistivity data for China,11.51, ,media/resistivity_for_China.png,resistivity_for_China.png
253,products.product,3,2022RES0253COL,Colombia,This file contains resistivity data for Colombia,21.63, ,media/resistivity_for_Colombia.png,resistivity_for_Colombia.png
254,products.product,3,1988RES0254COS,Costa Rica,This file contains resistivity data for Costa Rica,40.15, ,media/resistivity_for_Costa Rica.png,resistivity_for_Costa Rica.png
255,products.product,3,1990RES0255CRO,Croatia,This file contains resistivity data for Croatia,99.54, ,media/resistivity_for_Croatia.png,resistivity_for_Croatia.png
256,products.product,3,1981RES0256CZE,Czechia,This file contains resistivity data for Czechia,88.17, ,media/resistivity_for_Czechia.png,resistivity_for_Czechia.png
257,products.product,3,1984RES0257DJI,Djibouti,This file contains resistivity data for Djibouti,71.36, ,media/resistivity_for_Djibouti.png,resistivity_for_Djibouti.png
258,products.product,3,2018RES0258ECU,Ecuador,This file contains resistivity data for Ecuador,43.16, ,media/resistivity_for_Ecuador.png,resistivity_for_Ecuador.png
259,products.product,3,2003RES0259ERI,Eritrea,This file contains resistivity data for Eritrea,68.75, ,media/resistivity_for_Eritrea.png,resistivity_for_Eritrea.png
260,products.product,3,1987RES0260GAB,Gabon,This file contains resistivity data for Gabon,27.55, ,media/resistivity_for_Gabon.png,resistivity_for_Gabon.png
261,products.product,3,2007RES0261GEO,Georgia,This file contains resistivity data for Georgia,53.42, ,media/resistivity_for_Georgia.png,resistivity_for_Georgia.png
262,products.product,3,1972RES0262GUI,Guinea,This file contains resistivity data for Guinea,75.74, ,media/resistivity_for_Guinea.png,resistivity_for_Guinea.png
263,products.product,3,2018RES0263GUY,Guyana,This file contains resistivity data for Guyana,52.46, ,media/resistivity_for_Guyana.png,resistivity_for_Guyana.png
264,products.product,3,1988RES0264HAI,Haiti,This file contains resistivity data for Haiti,64.22, ,media/resistivity_for_Haiti.png,resistivity_for_Haiti.png
265,products.product,3,1991RES0265IND,Indonesia,This file contains resistivity data for Indonesia,84.30, ,media/resistivity_for_Indonesia.png,resistivity_for_Indonesia.png
266,products.product,3,2020RES0266ITA,Italy,This file contains resistivity data for Italy,31.89, ,media/resistivity_for_Italy.png,resistivity_for_Italy.png
267,products.product,3,1987RES0267JAM,Jamaica,This file contains resistivity data for Jamaica,101.94, ,media/resistivity_for_Jamaica.png,resistivity_for_Jamaica.png
268,products.product,3,2003RES0268JOR,Jordan,This file contains resistivity data for Jordan,59.67, ,media/resistivity_for_Jordan.png,resistivity_for_Jordan.png
269,products.product,3,1994RES0269LAT,Latvia,This file contains resistivity data for Latvia,33.87, ,media/resistivity_for_Latvia.png,resistivity_for_Latvia.png
270,products.product,3,1974RES0270LIB,Liberia,This file contains resistivity data for Liberia,21.20, ,media/resistivity_for_Liberia.png,resistivity_for_Liberia.png
271,products.product,3,1998RES0271MAL,Malawi,This file contains resistivity data for Malawi,75.35, ,media/resistivity_for_Malawi.png,resistivity_for_Malawi.png
272,products.product,3,1984RES0272MAU,Mauritania,This file contains resistivity data for Mauritania,77.99, ,media/resistivity_for_Mauritania.png,resistivity_for_Mauritania.png
273,products.product,3,1994RES0273MEX,Mexico,This file contains resistivity data for Mexico,93.90, ,media/resistivity_for_Mexico.png,resistivity_for_Mexico.png
274,products.product,3,2012RES0274MOR,Morocco,This file contains resistivity data for Morocco,40.50, ,media/resistivity_for_Morocco.png,resistivity_for_Morocco.png
275,products.product,3,1983RES0275NIC,Nicaragua,This file contains resistivity data for Nicaragua,107.50, ,media/resistivity_for_Nicaragua.png,resistivity_for_Nicaragua.png
276,products.product,3,1975RES0276NIG,Niger,This file contains resistivity data for Niger,27.34, ,media/resistivity_for_Niger.png,resistivity_for_Niger.png
277,products.product,3,1995RES0277NOR,North Macedonia,This file contains resistivity data for North Macedonia,64.95, ,media/resistivity_for_North Macedonia.png,resistivity_for_North Macedonia.png
278,products.product,3,2020RES0278NOR,Norway,This file contains resistivity data for Norway,109.60, ,media/resistivity_for_Norway.png,resistivity_for_Norway.png
279,products.product,3,1974RES0279PAK,Pakistan,This file contains resistivity data for Pakistan,90.06, ,media/resistivity_for_Pakistan.png,resistivity_for_Pakistan.png
280,products.product,3,2008RES0280PAR,Paraguay,This file contains resistivity data for Paraguay,97.79, ,media/resistivity_for_Paraguay.png,resistivity_for_Paraguay.png
281,products.product,3,2006RES0281PHI,Philippines,This file contains resistivity data for Philippines,30.96, ,media/resistivity_for_Philippines.png,resistivity_for_Philippines.png
282,products.product,3,1988RES0282RWA,Rwanda,This file contains resistivity data for Rwanda,26.63, ,media/resistivity_for_Rwanda.png,resistivity_for_Rwanda.png
283,products.product,3,2013RES0283SEN,Senegal,This file contains resistivity data for Senegal,70.06, ,media/resistivity_for_Senegal.png,resistivity_for_Senegal.png
284,products.product,3,1991RES0284SLO,Slovakia,This file contains resistivity data for Slovakia,97.97, ,media/resistivity_for_Slovakia.png,resistivity_for_Slovakia.png
285,products.product,3,1991RES0285SOU,South Korea,This file contains resistivity data for South Korea,71.32, ,media/resistivity_for_South Korea.png,resistivity_for_South Korea.png
286,products.product,3,1999RES0286SWE,Sweden,This file contains resistivity data for Sweden,92.20, ,media/resistivity_for_Sweden.png,resistivity_for_Sweden.png
287,products.product,3,1976RES0287TUN,Tunisia,This file contains resistivity data for Tunisia,90.65, ,media/resistivity_for_Tunisia.png,resistivity_for_Tunisia.png
288,products.product,3,2008RES0288TUR,Turkmenistan,This file contains resistivity data for Turkmenistan,76.75, ,media/resistivity_for_Turkmenistan.png,resistivity_for_Turkmenistan.png
289,products.product,3,2005RES0289UNI,United Kingdom,This file contains resistivity data for United Kingdom,106.30, ,media/resistivity_for_United Kingdom.png,resistivity_for_United Kingdom.png
290,products.product,3,1980RES0290ZAM,Zambia,This file contains resistivity data for Zambia,14.72, ,media/resistivity_for_Zambia.png,resistivity_for_Zambia.png
291,products.product,9,1977BKS0291ZAM,N/A,This book contains ,30.82, ,media/,file_name
292,products.product,9,1980BKS0292N/A,N/A,This book contains ,46.63, ,media/,file_name
293,products.product,9,2013BKS0293N/A,N/A,This book contains ,31.91, ,media/,file_name
294,products.product,9,1993BKS0294N/A,N/A,This book contains ,24.45, ,media/,file_name
295,products.product,9,1994BKS0295N/A,N/A,This book contains ,24.83, ,media/,file_name
296,products.product,5,2006BKS0296N/A,N/A,This book contains ,43.23, ,media/,file_name
297,products.product,9,1986BKS0297N/A,N/A,This book contains ,42.63, ,media/,file_name
298,products.product,9,1983BKS0298N/A,N/A,This book contains ,38.10, ,media/,file_name
299,products.product,9,1970BKS0299N/A,N/A,This book contains ,58.79, ,media/,file_name
300,products.product,9,2017BKS0300N/A,N/A,This book contains ,55.39, ,media/,file_name
301,products.product,10,2006COU0301N/A,N/A,This course is designated to train ,109.02, ,media/,file_name
302,products.product,10,2009COU0302N/A,N/A,This course is designated to train ,119.66, ,media/,file_name
303,products.product,10,2005COU0303N/A,N/A,This course is designated to train ,172.39, ,media/,file_name
304,products.product,10,1983COU0304N/A,N/A,This course is designated to train ,153.82, ,media/,file_name
305,products.product,10,2006COU0305N/A,N/A,This course is designated to train ,134.48, ,media/,file_name
306,products.product,5,1983COU0306N/A,N/A,This course is designated to train ,126.48, ,media/,file_name
307,products.product,10,1999COU0307N/A,N/A,This course is designated to train ,176.33, ,media/,file_name
308,products.product,10,2014COU0308N/A,N/A,This course is designated to train ,175.44, ,media/,file_name
309,products.product,10,2017COU0309N/A,N/A,This course is designated to train ,131.99, ,media/,file_name
310,products.product,10,2021COU0310N/A,N/A,This course is designated to train ,171.43, ,media/,file_name
311,products.product,11,2007COU0311N/A,N/A,This software package is a fundamental tool for ,611.70, ,media/,file_name
312,products.product,11,1970COU0312N/A,N/A,This software package is a fundamental tool for ,503.24, ,media/,file_name
313,products.product,12,1995COU0313N/A,N/A,This software package is a fundamental tool for ,577.27, ,media/,file_name
314,products.product,13,2004COU0314N/A,N/A,This software package is a fundamental tool for ,657.96, ,media/,file_name
315,products.product,11,1992COU0315N/A,N/A,This software package is a fundamental tool for ,786.36, ,media/,file_name
316,products.product,11,1995COU0316N/A,N/A,This software package is a fundamental tool for ,573.00, ,media/,file_name
317,products.product,11,1988COU0317N/A,N/A,This software package is a fundamental tool for ,760.72, ,media/,file_name
318,products.product,11,1993COU0318N/A,N/A,This software package is a fundamental tool for ,595.65, ,media/,file_name
319,products.product,13,2012COU0319N/A,N/A,This software package is a fundamental tool for ,632.55, ,media/,file_name
320,products.product,5,2017COU0320N/A,N/A,This software package is a fundamental tool for ,578.97, ,media/,file_name
321,products.product,12,1998COU0321N/A,N/A,This software package is a fundamental tool for ,500.14, ,media/,file_name
322,products.product,11,2019COU0322N/A,N/A,This software package is a fundamental tool for ,735.35, ,media/,file_name
323,products.product,11,1998COU0323N/A,N/A,This software package is a fundamental tool for ,710.24, ,media/,file_name
324,products.product,13,2018COU0324N/A,N/A,This software package is a fundamental tool for ,788.92, ,media/,file_name
325,products.product,12,2003COU0325N/A,N/A,This software package is a fundamental tool for ,759.14, ,media/,file_name
